[
  {
    "title": "Warnung vor extremen Gewittern",
    "icon": "twd_ico_gewitterwarnung.4.png",
    "desc": "gewitter",
    "warnzeitraum": "15.04.2024//14:00h | 17.04.2024//00:00h"
  },
  {
    "title": "Warnung vor extremen Gewittern",
    "icon": "twd_ico_gewitterwarnung.4.png",
    "desc": "gewitter",
    "warnzeitraum": "15.04.2024//14:00h | 17.04.2024//00:00h"
  },
  {
    "title": "Warnung vor extremen Gewittern",
    "icon": "twd_ico_gewitterwarnung.6.AGW.png",
    "desc": "gewitter",
    "warnzeitraum": "15.04.2024//14:00h | 17.04.2024//00:00h"
  }
]